{
  "fx": 800.6156616210938,
  "fy": 800.6156616210938,
  "cx": 647.5011596679688,
  "cy": 402.8380432128906,
  "baseline_cm": 0.7500000476837159,
  "resolution": {
    "width": 1280,
    "height": 800
  },
  "intrinsics_matrix": [
    [
      800.6156616210938,
      0.0,
      647.5011596679688
    ],
    [
      0.0,
      800.6156616210938,
      402.8380432128906
    ],
    [
      0.0,
      0.0,
      1.0
    ]
  ]
}